{
    "coefficients": [
        -54846.18174161934,
        -55261.879829621066,
        12714.594270341107,
        -13471.862384907528,
        46271.97874411382,
        -42444.83395433111,
        14734.043102619407,
        74896.91653384722,
        2.2160603599284344e+16,
        2.0812556993689524e+16,
        698486588751254.2,
        1.4147686494533988e+16,
        1.496096652514168e+16
    ],
    "intercept": 207510.97256811062,
    "feature_count": 13
}